date,t2m
01/08/2019,27.006628
02/08/2019,27.119469
03/08/2019,26.904345
04/08/2019,26.456358
05/08/2019,26.163383
06/08/2019,26.379871
07/08/2019,26.433712
08/08/2019,26.795752
09/08/2019,27.01256
10/08/2019,26.914135
11/08/2019,26.852503
12/08/2019,27.469969
13/08/2019,27.425917
14/08/2019,27.23867
15/08/2019,27.211782
16/08/2019,27.037794
17/08/2019,26.860462
18/08/2019,26.76288
19/08/2019,26.984999
20/08/2019,27.529646
21/08/2019,27.487923
22/08/2019,27.273863
23/08/2019,26.977095
24/08/2019,27.093626
25/08/2019,27.321058
26/08/2019,27.173243
27/08/2019,26.93402
28/08/2019,26.9434
29/08/2019,26.88694
30/08/2019,26.957918
31/08/2019,26.992834
01/09/2019,27.170444
02/09/2019,27.287926
03/09/2019,27.101734
04/09/2019,26.717213
05/09/2019,26.609606
06/09/2019,26.788708
07/09/2019,27.10813
08/09/2019,27.333706
09/09/2019,27.417747
10/09/2019,27.74409
11/09/2019,27.04082
12/09/2019,26.611498
13/09/2019,26.783092
14/09/2019,27.056612
15/09/2019,27.078249
16/09/2019,27.234777
17/09/2019,27.392324
18/09/2019,27.439724
19/09/2019,27.26782
20/09/2019,27.378492
21/09/2019,27.307968
22/09/2019,27.545473
23/09/2019,27.699484
24/09/2019,27.92745
25/09/2019,28.183886
26/09/2019,28.124681
27/09/2019,28.31565
28/09/2019,28.26738
29/09/2019,28.184757
30/09/2019,28.192856
01/10/2019,28.066862
02/10/2019,28.362879
03/10/2019,28.40079
04/10/2019,28.125992
05/10/2019,28.148935
06/10/2019,28.306238
07/10/2019,28.255604
08/10/2019,28.588232
09/10/2019,28.671858
10/10/2019,28.904638
11/10/2019,28.735035
12/10/2019,28.373585
13/10/2019,28.45041
14/10/2019,28.61654
15/10/2019,28.532234
16/10/2019,28.600191
17/10/2019,28.468916
18/10/2019,28.935709
19/10/2019,28.727571
20/10/2019,28.781693
21/10/2019,29.155005
22/10/2019,29.161808
23/10/2019,29.168242
24/10/2019,28.85253
25/10/2019,28.668129
26/10/2019,28.640757
27/10/2019,28.425058
28/10/2019,28.80323
29/10/2019,28.627686
30/10/2019,28.705265
31/10/2019,28.771114
01/11/2019,28.012585
02/11/2019,27.093279
03/11/2019,28.372948
04/11/2019,28.787098
05/11/2019,29.022291
06/11/2019,28.996084
07/11/2019,29.150927
08/11/2019,29.622532
09/11/2019,29.314669
10/11/2019,29.253914
11/11/2019,29.435503
12/11/2019,29.376108
13/11/2019,29.210093
14/11/2019,29.234293
15/11/2019,29.44031
16/11/2019,29.629335
17/11/2019,29.729565
18/11/2019,29.920567
19/11/2019,29.328661
20/11/2019,29.553616
21/11/2019,29.338589
22/11/2019,29.684927
23/11/2019,29.734434
24/11/2019,29.622717
25/11/2019,29.216991
26/11/2019,29.115799
27/11/2019,29.099552
28/11/2019,29.945236
29/11/2019,29.815857
30/11/2019,29.649338
01/12/2019,30.244377
02/12/2019,29.982033
03/12/2019,29.405724
04/12/2019,28.51761
05/12/2019,28.14497
06/12/2019,28.240284
07/12/2019,28.986704
08/12/2019,29.200113
09/12/2019,28.978355
10/12/2019,28.702358
11/12/2019,28.721033
12/12/2019,28.514622
13/12/2019,28.516935
14/12/2019,28.27766
15/12/2019,27.933952
16/12/2019,27.760242
17/12/2019,27.433449
18/12/2019,28.69506
19/12/2019,28.325508
20/12/2019,28.927736
21/12/2019,28.877987
22/12/2019,27.654917
23/12/2019,27.900011
24/12/2019,28.579145
25/12/2019,27.29048
26/12/2019,27.996153
27/12/2019,26.977417
28/12/2019,28.151869
29/12/2019,28.066372
30/12/2019,28.133602
31/12/2019,27.460228
01/01/2020,26.93083
02/01/2020,27.720974
03/01/2020,27.705933
04/01/2020,27.704073
05/01/2020,27.5964
06/01/2020,27.422523
07/01/2020,27.40467
08/01/2020,27.27462
09/01/2020,27.345558
10/01/2020,27.4807
11/01/2020,27.738977
12/01/2020,27.973032
13/01/2020,28.401863
14/01/2020,28.319658
15/01/2020,28.145567
16/01/2020,28.19855
17/01/2020,28.62136
18/01/2020,28.52545
19/01/2020,28.551914
20/01/2020,27.716902
21/01/2020,28.037766
22/01/2020,29.017555
23/01/2020,28.232944
24/01/2020,28.193888
25/01/2020,27.709667
26/01/2020,28.36334
27/01/2020,28.473051
28/01/2020,29.045969
29/01/2020,28.736221
30/01/2020,27.87939
31/01/2020,27.469213
01/02/2020,27.326284
02/02/2020,27.187687
03/02/2020,27.310652
04/02/2020,27.971706
05/02/2020,28.203085
06/02/2020,28.248268
07/02/2020,27.236511
08/02/2020,27.952566
09/02/2020,27.968405
10/02/2020,27.822727
11/02/2020,27.266745
12/02/2020,27.626501
13/02/2020,28.363766
14/02/2020,28.013124
15/02/2020,27.705366
16/02/2020,27.482815
17/02/2020,27.164522
18/02/2020,27.09183
19/02/2020,26.987309
20/02/2020,27.079626
21/02/2020,27.71623
22/02/2020,27.726564
23/02/2020,27.547647
24/02/2020,27.49706
25/02/2020,27.586271
26/02/2020,27.753025
27/02/2020,27.75957
28/02/2020,27.596828
29/02/2020,27.748055
01/03/2020,27.306318
02/03/2020,28.40748
03/03/2020,28.17732
04/03/2020,27.465586
05/03/2020,27.818556
06/03/2020,27.328053
07/03/2020,27.120918
08/03/2020,27.503183
09/03/2020,27.45952
10/03/2020,28.52808
11/03/2020,28.786386
12/03/2020,28.87889
13/03/2020,28.003746
14/03/2020,28.17064
15/03/2020,28.156845
16/03/2020,28.056217
17/03/2020,27.898987
18/03/2020,27.555016
19/03/2020,27.319473
20/03/2020,27.745972
21/03/2020,28.346764
22/03/2020,28.397932
23/03/2020,27.39956
24/03/2020,27.82772
25/03/2020,28.300982
26/03/2020,29.034103
27/03/2020,28.813028
28/03/2020,28.53284
29/03/2020,27.795727
30/03/2020,27.982079
31/03/2020,27.899364
01/04/2020,28.34389
02/04/2020,28.127886
03/04/2020,28.190107
04/04/2020,28.032446
05/04/2020,27.527626
06/04/2020,26.945045
07/04/2020,27.274782
08/04/2020,27.318996
09/04/2020,28.265617
10/04/2020,28.47539
11/04/2020,27.446693
12/04/2020,27.664803
13/04/2020,27.683092
14/04/2020,27.759361
15/04/2020,28.540731
16/04/2020,28.437212
17/04/2020,27.864231
18/04/2020,27.822962
19/04/2020,28.219189
20/04/2020,28.63888
21/04/2020,28.904207
22/04/2020,29.34852
23/04/2020,29.499275
24/04/2020,29.549511
25/04/2020,28.830986
26/04/2020,28.846132
27/04/2020,29.180067
28/04/2020,28.267366
29/04/2020,28.217258
30/04/2020,28.782242
01/05/2020,28.55327
02/05/2020,28.823135
03/05/2020,28.83788
04/05/2020,28.93551
05/05/2020,29.27482
06/05/2020,29.318413
07/05/2020,29.616617
08/05/2020,29.236067
09/05/2020,27.83905
10/05/2020,28.893307
11/05/2020,28.50571
12/05/2020,29.110891
13/05/2020,29.188042
14/05/2020,28.9918
15/05/2020,29.188774
16/05/2020,29.39973
17/05/2020,29.298792
18/05/2020,27.862572
19/05/2020,28.269373
20/05/2020,27.896023
21/05/2020,27.498365
22/05/2020,28.327528
23/05/2020,28.98761
24/05/2020,28.84204
25/05/2020,28.654896
26/05/2020,27.881823
27/05/2020,27.651735
28/05/2020,26.826042
29/05/2020,28.44846
30/05/2020,28.356607
31/05/2020,27.911865
01/06/2020,27.86589
02/06/2020,28.135649
03/06/2020,28.575733
04/06/2020,28.406729
05/06/2020,28.254673
06/06/2020,27.934591
07/06/2020,27.68112
08/06/2020,28.056993
09/06/2020,28.158207
10/06/2020,28.001986
11/06/2020,28.005327
12/06/2020,27.990402
13/06/2020,28.365562
14/06/2020,27.862064
15/06/2020,28.209135
16/06/2020,28.238266
17/06/2020,28.58026
18/06/2020,28.530827
19/06/2020,28.296034
20/06/2020,28.091484
21/06/2020,27.994528
22/06/2020,28.201454
23/06/2020,27.924011
24/06/2020,27.883694
25/06/2020,27.6209
26/06/2020,27.522978
27/06/2020,27.598293
28/06/2020,27.709522
29/06/2020,27.884384
30/06/2020,27.940357
01/07/2020,28.042557
02/07/2020,27.82751
03/07/2020,27.78084
04/07/2020,27.762075
05/07/2020,27.667961
06/07/2020,26.706184
07/07/2020,27.668318
08/07/2020,27.897057
09/07/2020,27.62545
10/07/2020,27.767641
11/07/2020,27.88704
12/07/2020,27.883806
13/07/2020,28.110825
14/07/2020,28.071152
15/07/2020,27.054087
16/07/2020,27.821424
17/07/2020,27.884165
18/07/2020,27.880424
19/07/2020,27.96069
20/07/2020,28.12474
21/07/2020,27.956434
22/07/2020,28.02054
23/07/2020,27.743824
24/07/2020,27.288013
25/07/2020,26.863197
26/07/2020,26.804253
27/07/2020,27.241405
28/07/2020,27.281544
29/07/2020,26.699217
30/07/2020,26.786623
31/07/2020,26.985819
01/08/2020,27.284512
02/08/2020,27.10138
03/08/2020,27.452791
04/08/2020,27.722422
05/08/2020,27.618881
06/08/2020,27.763659
07/08/2020,27.549576
08/08/2020,27.638044
09/08/2020,27.846323
10/08/2020,28.001896
11/08/2020,27.30826
12/08/2020,28.073977
13/08/2020,28.23881
14/08/2020,28.054228
15/08/2020,28.102644
16/08/2020,27.950806
17/08/2020,28.331974
18/08/2020,28.063309
19/08/2020,28.227913
20/08/2020,27.993523
21/08/2020,28.29703
22/08/2020,28.378899
23/08/2020,28.063114
24/08/2020,27.891933
25/08/2020,27.883194
26/08/2020,27.738304
27/08/2020,27.600584
28/08/2020,28.186926
29/08/2020,28.101109
30/08/2020,27.83685
31/08/2020,28.067225
01/09/2020,28.413147
02/09/2020,28.46034
03/09/2020,28.743383
04/09/2020,28.788963
05/09/2020,28.419243
06/09/2020,28.576427
07/09/2020,28.61451
08/09/2020,28.633064
09/09/2020,28.532457
10/09/2020,28.47164
11/09/2020,28.577602
12/09/2020,28.65285
13/09/2020,28.441162
14/09/2020,28.223799
15/09/2020,28.316956
16/09/2020,28.080761
17/09/2020,28.42676
18/09/2020,28.699638
19/09/2020,29.037634
20/09/2020,28.629194
21/09/2020,28.64585
22/09/2020,28.148996
23/09/2020,29.134548
24/09/2020,29.153776
25/09/2020,29.279165
26/09/2020,29.038847
27/09/2020,29.041246
28/09/2020,29.156706
29/09/2020,28.993126
30/09/2020,28.974827
01/10/2020,29.263527
02/10/2020,29.210684
03/10/2020,29.337717
04/10/2020,29.067745
05/10/2020,28.602346
06/10/2020,28.582094
07/10/2020,28.640568
08/10/2020,28.752165
09/10/2020,28.642992
10/10/2020,27.638819
11/10/2020,29.28874
12/10/2020,29.114904
13/10/2020,29.256735
14/10/2020,29.308786
15/10/2020,29.08436
16/10/2020,28.892319
17/10/2020,28.89509
18/10/2020,28.19165
19/10/2020,26.462328
20/10/2020,27.832504
21/10/2020,27.973745
22/10/2020,28.487328
23/10/2020,28.505974
24/10/2020,28.748753
25/10/2020,28.796007
26/10/2020,27.861887
27/10/2020,27.32356
28/10/2020,29.087137
29/10/2020,28.786833
30/10/2020,27.719173
31/10/2020,26.366247
01/11/2020,26.85669
02/11/2020,27.007996
03/11/2020,28.235998
04/11/2020,28.783022
05/11/2020,28.385616
06/11/2020,28.997353
07/11/2020,29.02266
08/11/2020,28.79227
09/11/2020,29.0847
10/11/2020,29.157509
11/11/2020,29.162085
12/11/2020,29.5541
13/11/2020,29.556974
14/11/2020,29.387281
15/11/2020,28.850584
16/11/2020,29.674759
17/11/2020,29.335476
18/11/2020,29.966356
19/11/2020,28.710741
20/11/2020,28.229744
21/11/2020,28.806202
22/11/2020,27.390856
23/11/2020,27.632935
24/11/2020,27.747095
25/11/2020,27.89818
26/11/2020,27.584314
27/11/2020,27.592226
28/11/2020,27.787851
29/11/2020,26.542356
30/11/2020,27.108753
01/12/2020,28.266579
02/12/2020,27.560862
03/12/2020,27.700024
04/12/2020,27.555443
05/12/2020,26.926355
06/12/2020,26.769852
07/12/2020,26.606627
08/12/2020,27.494715
09/12/2020,26.656223
10/12/2020,27.153177
11/12/2020,26.982296
12/12/2020,26.682993
13/12/2020,26.6489
14/12/2020,26.861818
15/12/2020,26.758461
16/12/2020,27.105469
17/12/2020,26.897816
18/12/2020,26.843187
19/12/2020,27.293596
20/12/2020,28.324753
21/12/2020,28.394072
22/12/2020,28.23511
23/12/2020,28.156145
24/12/2020,27.474976
25/12/2020,27.17052
26/12/2020,27.324495
27/12/2020,27.224611
28/12/2020,27.259403
29/12/2020,26.904778
30/12/2020,26.399332
31/12/2020,27.19142
01/01/2021,26.800621
02/01/2021,27.087812
03/01/2021,27.312439
04/01/2021,27.261564
05/01/2021,26.748817
06/01/2021,27.17293
07/01/2021,26.970142
08/01/2021,27.175724
09/01/2021,27.552237
10/01/2021,26.806736
11/01/2021,27.007109
12/01/2021,27.426497
13/01/2021,27.19918
14/01/2021,27.544888
15/01/2021,27.334635
16/01/2021,27.272476
17/01/2021,26.694983
18/01/2021,26.087576
19/01/2021,26.40308
20/01/2021,26.992655
21/01/2021,27.302721
22/01/2021,26.67439
23/01/2021,27.47327
24/01/2021,26.326115
25/01/2021,26.655203
26/01/2021,26.992117
27/01/2021,26.552494
28/01/2021,26.49783
29/01/2021,26.29509
30/01/2021,26.261562
31/01/2021,26.572107
01/02/2021,27.193104
02/02/2021,27.11028
03/02/2021,26.48392
04/02/2021,26.56227
05/02/2021,26.704714
06/02/2021,26.710558
07/02/2021,26.945871
08/02/2021,26.529589
09/02/2021,27.22532
10/02/2021,26.468203
11/02/2021,27.162437
12/02/2021,26.6991
13/02/2021,27.222664
14/02/2021,26.69647
15/02/2021,26.841284
16/02/2021,26.959354
17/02/2021,26.854856
18/02/2021,26.974949
19/02/2021,26.273754
20/02/2021,26.495142
21/02/2021,27.28784
22/02/2021,27.324883
23/02/2021,26.665405
24/02/2021,26.53414
25/02/2021,26.070717
26/02/2021,27.234983
27/02/2021,26.792873
28/02/2021,27.226074
01/03/2021,27.440172
02/03/2021,26.695665
03/03/2021,26.958878
04/03/2021,26.915274
05/03/2021,27.155409
06/03/2021,26.57428
07/03/2021,26.69436
08/03/2021,26.49956
09/03/2021,26.97487
10/03/2021,26.853111
11/03/2021,26.942163
12/03/2021,26.953442
13/03/2021,26.836838
14/03/2021,26.965261
15/03/2021,27.553173
16/03/2021,27.314625
17/03/2021,27.96536
18/03/2021,27.742735
19/03/2021,28.037186
20/03/2021,28.086353
21/03/2021,27.786093
22/03/2021,27.766735
23/03/2021,27.349785
24/03/2021,27.662668
25/03/2021,27.648666
26/03/2021,27.82233
27/03/2021,27.526804
28/03/2021,27.756344
29/03/2021,27.82317
30/03/2021,27.2628
31/03/2021,27.813864
01/04/2021,27.251368
02/04/2021,28.346104
03/04/2021,28.645218
04/04/2021,28.059263
05/04/2021,28.370981
06/04/2021,27.39268
07/04/2021,27.053972
08/04/2021,27.313307
09/04/2021,28.29891
10/04/2021,27.816502
11/04/2021,28.0139
12/04/2021,27.723742
13/04/2021,27.555273
14/04/2021,27.567553
15/04/2021,27.99952
16/04/2021,28.556087
17/04/2021,28.461779
18/04/2021,27.822762
19/04/2021,28.292152
20/04/2021,28.295092
21/04/2021,28.514788
22/04/2021,28.322227
23/04/2021,28.112658
24/04/2021,28.117258
25/04/2021,28.413456
26/04/2021,28.79847
27/04/2021,28.636457
28/04/2021,27.655111
29/04/2021,28.471157
30/04/2021,28.587639
01/05/2021,28.815796
02/05/2021,28.291977
03/05/2021,28.884363
04/05/2021,28.74844
05/05/2021,28.949583
06/05/2021,28.792833
07/05/2021,27.995544
08/05/2021,27.922743
09/05/2021,28.27913
10/05/2021,28.827227
11/05/2021,28.888948
12/05/2021,28.896044
13/05/2021,28.684544
14/05/2021,28.973732
15/05/2021,28.774
16/05/2021,28.685778
17/05/2021,28.687386
18/05/2021,28.519997
19/05/2021,27.658693
20/05/2021,27.956089
21/05/2021,28.51552
22/05/2021,28.350546
23/05/2021,28.10767
24/05/2021,28.737755
25/05/2021,28.748106
26/05/2021,28.957205
27/05/2021,28.841873
28/05/2021,28.132437
29/05/2021,28.291138
30/05/2021,27.783716
31/05/2021,27.89269
01/06/2021,28.17157
02/06/2021,28.594374
03/06/2021,28.698875
04/06/2021,28.788343
05/06/2021,28.668943
06/06/2021,28.715666
07/06/2021,28.390722
08/06/2021,28.499727
09/06/2021,28.465723
10/06/2021,28.219328
11/06/2021,28.120007
12/06/2021,28.541555
13/06/2021,28.4116
14/06/2021,27.469702
15/06/2021,27.122408
16/06/2021,27.471962
17/06/2021,27.084545
18/06/2021,27.443798
19/06/2021,26.735456
20/06/2021,26.766863
21/06/2021,26.831356
22/06/2021,27.839684
23/06/2021,27.419165
24/06/2021,26.420214
25/06/2021,27.637913
26/06/2021,27.599167
27/06/2021,28.272886
28/06/2021,26.586597
29/06/2021,27.967983
30/06/2021,28.058098
01/07/2021,28.037355
02/07/2021,27.705563
03/07/2021,27.679272
04/07/2021,27.999895
05/07/2021,27.749516
06/07/2021,26.947914
07/07/2021,27.76741
08/07/2021,27.47745
09/07/2021,27.461159
10/07/2021,28.147097
11/07/2021,28.35416
12/07/2021,27.679733
13/07/2021,27.877201
14/07/2021,27.47048
15/07/2021,27.566675
16/07/2021,27.23895
17/07/2021,27.596567
18/07/2021,27.905262
19/07/2021,28.125952
20/07/2021,28.076567
21/07/2021,28.087046
22/07/2021,27.7483
23/07/2021,27.888351
24/07/2021,27.465258
25/07/2021,27.37692
26/07/2021,26.985304
27/07/2021,26.924099
28/07/2021,27.140427
29/07/2021,27.650364
30/07/2021,27.921038
31/07/2021,27.871082
01/08/2021,27.922606
02/08/2021,27.742569
03/08/2021,28.01468
04/08/2021,28.264275
05/08/2021,28.282776
06/08/2021,28.422043
07/08/2021,28.29617
08/08/2021,28.147078
09/08/2021,27.970375
10/08/2021,27.67409
11/08/2021,27.625973
12/08/2021,27.70435
13/08/2021,27.982227
14/08/2021,28.331278
15/08/2021,28.35251
16/08/2021,28.090134
17/08/2021,28.327892
18/08/2021,27.926197
19/08/2021,27.410494
20/08/2021,27.779867
21/08/2021,27.798523
22/08/2021,27.819468
23/08/2021,27.774862
24/08/2021,27.639036
25/08/2021,27.727953
26/08/2021,27.505358
27/08/2021,28.066809
28/08/2021,28.061861
29/08/2021,28.69608
30/08/2021,28.434507
31/08/2021,28.346325
01/09/2021,28.106651
02/09/2021,27.995665
03/09/2021,28.041872
04/09/2021,28.09179
05/09/2021,28.084658
06/09/2021,28.325733
07/09/2021,28.341637
08/09/2021,28.16764
09/09/2021,28.322168
10/09/2021,28.840733
11/09/2021,27.709253
12/09/2021,27.355776
13/09/2021,27.889408
14/09/2021,26.701658
15/09/2021,28.179123
16/09/2021,28.18988
17/09/2021,28.593773
18/09/2021,28.72384
19/09/2021,28.462484
20/09/2021,28.172396
21/09/2021,28.02328
22/09/2021,28.390434
23/09/2021,28.170912
24/09/2021,27.912127
25/09/2021,27.950645
26/09/2021,27.954037
27/09/2021,28.385622
28/09/2021,28.38176
29/09/2021,28.65305
30/09/2021,28.56416
01/10/2021,28.475624
02/10/2021,27.91919
03/10/2021,28.002934
04/10/2021,27.464758
05/10/2021,28.138538
06/10/2021,27.846218
07/10/2021,28.177097
08/10/2021,28.296299
09/10/2021,28.548084
10/10/2021,28.765547
11/10/2021,28.648754
12/10/2021,28.864798
13/10/2021,28.587385
14/10/2021,28.808496
15/10/2021,29.079393
16/10/2021,28.905586
17/10/2021,28.755554
18/10/2021,27.385183
19/10/2021,28.031324
20/10/2021,28.934175
21/10/2021,28.645445
22/10/2021,28.937136
23/10/2021,28.920418
24/10/2021,28.797703
25/10/2021,28.777605
26/10/2021,28.490088
27/10/2021,27.711466
28/10/2021,28.475533
29/10/2021,28.452715
30/10/2021,28.056332
31/10/2021,27.45259
01/11/2021,27.450472
02/11/2021,27.487083
03/11/2021,28.62113
04/11/2021,27.665255
05/11/2021,27.18557
06/11/2021,28.51765
07/11/2021,28.177504
08/11/2021,28.279581
09/11/2021,27.834986
10/11/2021,27.728567
11/11/2021,27.090034
12/11/2021,27.55765
13/11/2021,27.093613
14/11/2021,26.707747
15/11/2021,26.151566
16/11/2021,26.880896
17/11/2021,27.714548
18/11/2021,28.185429
19/11/2021,27.370506
20/11/2021,26.605043
21/11/2021,27.853214
22/11/2021,28.082914
23/11/2021,27.082834
24/11/2021,27.331223
25/11/2021,27.217518
26/11/2021,27.426306
27/11/2021,27.02056
28/11/2021,26.478498
29/11/2021,27.30604
30/11/2021,26.866545
01/12/2021,27.293816
02/12/2021,27.514757
03/12/2021,27.917137
04/12/2021,26.99332
05/12/2021,27.318527
06/12/2021,27.331396
07/12/2021,27.978462
08/12/2021,27.423811
09/12/2021,27.613575
10/12/2021,27.501759
11/12/2021,27.426523
12/12/2021,27.92526
13/12/2021,27.814955
14/12/2021,27.62384
15/12/2021,27.007116
16/12/2021,27.1223
17/12/2021,28.181381
18/12/2021,28.376274
19/12/2021,28.068018
20/12/2021,27.343893
21/12/2021,26.578762
22/12/2021,28.672306
23/12/2021,28.010159
24/12/2021,28.4025
25/12/2021,27.857437
26/12/2021,28.116362
27/12/2021,27.385485
28/12/2021,27.270845
29/12/2021,27.870161
30/12/2021,26.988583
31/12/2021,26.725697
01/01/2022,26.804811
02/01/2022,26.92027
03/01/2022,27.294178
04/01/2022,27.69043
05/01/2022,27.558853
06/01/2022,27.31743
07/01/2022,27.282362
08/01/2022,28.23621
09/01/2022,26.843517
10/01/2022,27.359129
11/01/2022,26.391678
12/01/2022,26.34825
13/01/2022,27.008125
14/01/2022,27.722082
15/01/2022,26.972464
16/01/2022,26.905256
17/01/2022,27.022585
18/01/2022,26.290377
19/01/2022,26.405497
20/01/2022,25.960083
21/01/2022,27.2534
22/01/2022,27.396471
23/01/2022,28.031319
24/01/2022,28.26211
25/01/2022,27.675459
26/01/2022,27.53356
27/01/2022,27.428633
28/01/2022,27.32857
29/01/2022,27.599669
30/01/2022,27.476248
31/01/2022,27.510237
01/02/2022,27.143154
02/02/2022,27.568308
03/02/2022,27.53607
04/02/2022,27.37734
05/02/2022,27.235107
06/02/2022,26.963223
07/02/2022,26.365623
08/02/2022,26.945549
09/02/2022,26.966549
10/02/2022,27.117289
11/02/2022,26.664213
12/02/2022,26.5713
13/02/2022,26.486155
14/02/2022,27.045565
15/02/2022,27.146887
16/02/2022,27.22754
17/02/2022,26.786936
18/02/2022,26.50668
19/02/2022,28.013561
20/02/2022,27.368628
21/02/2022,26.73545
22/02/2022,27.166292
23/02/2022,26.762318
24/02/2022,27.127295
25/02/2022,27.133337
26/02/2022,26.776756
27/02/2022,27.011427
28/02/2022,26.65483
01/03/2022,26.875648
02/03/2022,27.236002
03/03/2022,27.48639
04/03/2022,27.56638
05/03/2022,27.603659
06/03/2022,27.235437
07/03/2022,26.947182
08/03/2022,26.685764
09/03/2022,26.885448
10/03/2022,26.905622
11/03/2022,27.289053
12/03/2022,27.11227
13/03/2022,27.49623
14/03/2022,27.697182
15/03/2022,27.7127
16/03/2022,27.955275
17/03/2022,28.71094
18/03/2022,28.34073
19/03/2022,27.465382
20/03/2022,27.061262
21/03/2022,26.903147
22/03/2022,26.816954
23/03/2022,27.257433
24/03/2022,28.179798
25/03/2022,28.333418
26/03/2022,27.67551
27/03/2022,27.287737
28/03/2022,28.127478
29/03/2022,28.129807
30/03/2022,27.900675
31/03/2022,27.620274
01/04/2022,27.210623
02/04/2022,27.789907
03/04/2022,27.170263
04/04/2022,27.596802
05/04/2022,28.09147
06/04/2022,28.16323
07/04/2022,27.944715
08/04/2022,28.282639
09/04/2022,28.27671
10/04/2022,28.299143
11/04/2022,28.710302
12/04/2022,28.593575
13/04/2022,28.702314
14/04/2022,28.9353
15/04/2022,29.139738
16/04/2022,28.546432
17/04/2022,28.547401
18/04/2022,27.764292
19/04/2022,26.557741
20/04/2022,27.374607
21/04/2022,27.142649
22/04/2022,28.43181
23/04/2022,28.341776
24/04/2022,28.190695
25/04/2022,28.482845
26/04/2022,27.59905
27/04/2022,27.595488
28/04/2022,27.90146
29/04/2022,28.20695
30/04/2022,27.359726
01/05/2022,28.484482
02/05/2022,29.36318
03/05/2022,29.202915
04/05/2022,28.604675
05/05/2022,28.79661
06/05/2022,28.5495
07/05/2022,28.678276
08/05/2022,27.90776
09/05/2022,27.914335
10/05/2022,28.065758
11/05/2022,28.062197
12/05/2022,28.15821
13/05/2022,28.186646
14/05/2022,28.178259
15/05/2022,28.850985
16/05/2022,28.429583
17/05/2022,27.82091
18/05/2022,27.624344
19/05/2022,27.467424
20/05/2022,26.908407
21/05/2022,27.356968
22/05/2022,28.775705
23/05/2022,29.074907
24/05/2022,28.532658
25/05/2022,27.656502
26/05/2022,26.166868
27/05/2022,27.306017
28/05/2022,28.194576
29/05/2022,27.959238
30/05/2022,28.501574
31/05/2022,28.309883
01/06/2022,27.645174
02/06/2022,28.313398
03/06/2022,28.270706
04/06/2022,27.653593
05/06/2022,27.210033
06/06/2022,27.233957
07/06/2022,28.387108
08/06/2022,27.35209
09/06/2022,27.432251
10/06/2022,27.685709
11/06/2022,27.838062
12/06/2022,27.360815
13/06/2022,26.71396
14/06/2022,27.345057
15/06/2022,27.479296
16/06/2022,27.190977
17/06/2022,26.927233
18/06/2022,27.814856
19/06/2022,27.206871
20/06/2022,27.822947
21/06/2022,28.104761
22/06/2022,28.286125
23/06/2022,27.651209
24/06/2022,27.80662
25/06/2022,27.622702
26/06/2022,26.78495
27/06/2022,27.163603
28/06/2022,27.542826
29/06/2022,27.861906
30/06/2022,27.73142
01/07/2022,28.106005
02/07/2022,27.955671
03/07/2022,27.963087
04/07/2022,27.719593
05/07/2022,27.228935
06/07/2022,26.9192
07/07/2022,27.17278
08/07/2022,27.09593
09/07/2022,27.183666
10/07/2022,27.80131
11/07/2022,27.704777
12/07/2022,28.241343
13/07/2022,27.035606
14/07/2022,27.159624
15/07/2022,28.034155
16/07/2022,27.539072
17/07/2022,27.072021
18/07/2022,27.759144
19/07/2022,27.818258
20/07/2022,27.348303
21/07/2022,27.968395
22/07/2022,27.735764
23/07/2022,27.46086
24/07/2022,27.067818
25/07/2022,26.53929
26/07/2022,27.14427
27/07/2022,27.892485
28/07/2022,27.655418
29/07/2022,27.455978
30/07/2022,27.098434
31/07/2022,27.213436
01/08/2022,27.594862
02/08/2022,27.349354
03/08/2022,27.858757
04/08/2022,27.593998
05/08/2022,27.34401
06/08/2022,27.226097
07/08/2022,27.18735
08/08/2022,27.728567
09/08/2022,28.180428
10/08/2022,28.366287
11/08/2022,28.439493
12/08/2022,27.588352
13/08/2022,26.665108
14/08/2022,26.909887
15/08/2022,27.358252
16/08/2022,27.761648
17/08/2022,27.700256
18/08/2022,28.018013
19/08/2022,27.997839
20/08/2022,27.635544
21/08/2022,27.469687
22/08/2022,27.873964
23/08/2022,27.683662
24/08/2022,27.54603
25/08/2022,27.990284
26/08/2022,27.862095
27/08/2022,27.563902
28/08/2022,27.386473
29/08/2022,27.700169
30/08/2022,27.966637
31/08/2022,27.630724
01/09/2022,28.523537
02/09/2022,28.519297
03/09/2022,28.31115
04/09/2022,28.039604
05/09/2022,27.835909
06/09/2022,27.951822
07/09/2022,28.256348
08/09/2022,27.659319
09/09/2022,27.229765
10/09/2022,27.467762
11/09/2022,27.999283
12/09/2022,28.261192
13/09/2022,28.456123
14/09/2022,28.56434
15/09/2022,28.38066
16/09/2022,28.380394
17/09/2022,28.550371
18/09/2022,28.373154
19/09/2022,28.165398
20/09/2022,28.100647
21/09/2022,27.80533
22/09/2022,28.431824
23/09/2022,28.666508
24/09/2022,28.270542
25/09/2022,28.710604
26/09/2022,28.659727
27/09/2022,28.507864
28/09/2022,28.538826
29/09/2022,28.373714
30/09/2022,27.226875
01/10/2022,27.442015
02/10/2022,27.566786
03/10/2022,26.752579
04/10/2022,27.324594
05/10/2022,27.213089
06/10/2022,27.115858
07/10/2022,27.825987
08/10/2022,27.526037
09/10/2022,27.29573
10/10/2022,27.603794
11/10/2022,26.902004
12/10/2022,27.45818
13/10/2022,27.397228
14/10/2022,27.26278
15/10/2022,27.56246
16/10/2022,28.410936
17/10/2022,27.272753
18/10/2022,26.459227
19/10/2022,26.934484
20/10/2022,27.217432
21/10/2022,26.51096
22/10/2022,28.109684
23/10/2022,27.34266
24/10/2022,27.059727
25/10/2022,27.30616
26/10/2022,26.78306
27/10/2022,27.33116
28/10/2022,27.801582
29/10/2022,27.369413
30/10/2022,27.918928
31/10/2022,28.209007
01/11/2022,27.707315
02/11/2022,28.139664
03/11/2022,28.518795
04/11/2022,27.902342
05/11/2022,27.921558
06/11/2022,26.984655
07/11/2022,26.793358
08/11/2022,28.013634
09/11/2022,27.04999
10/11/2022,27.640337
11/11/2022,27.587807
12/11/2022,27.282839
13/11/2022,27.522482
14/11/2022,27.211708
15/11/2022,27.518261
16/11/2022,27.430826
17/11/2022,27.640675
18/11/2022,27.799093
19/11/2022,26.795109
20/11/2022,27.456194
21/11/2022,28.044752
22/11/2022,28.305546
23/11/2022,27.339441
24/11/2022,26.758425
25/11/2022,26.91928
26/11/2022,26.588907
27/11/2022,26.789217
28/11/2022,27.33706
29/11/2022,26.914244
30/11/2022,26.975878
01/12/2022,27.47938
02/12/2022,27.328146
03/12/2022,27.571354
04/12/2022,27.108297
05/12/2022,27.257286
06/12/2022,27.846521
07/12/2022,28.35035
08/12/2022,28.733778
09/12/2022,28.52203
10/12/2022,28.72742
11/12/2022,28.411734
12/12/2022,28.57124
13/12/2022,27.963646
14/12/2022,27.390915
15/12/2022,27.56129
16/12/2022,27.0723
17/12/2022,27.528643
18/12/2022,28.068836
19/12/2022,27.558483
20/12/2022,27.938047
21/12/2022,27.83209
22/12/2022,27.562891
23/12/2022,27.169481
24/12/2022,27.313107
25/12/2022,26.83327
26/12/2022,26.362944
27/12/2022,26.91904
28/12/2022,27.285744
29/12/2022,26.528074
30/12/2022,25.963339
31/12/2022,25.840244
01/01/2023,26.682898
02/01/2023,27.093557
03/01/2023,27.439144
04/01/2023,27.633812
05/01/2023,28.101433
06/01/2023,27.584435
07/01/2023,27.696932
08/01/2023,27.196108
09/01/2023,27.154936
10/01/2023,27.719133
11/01/2023,28.040003
12/01/2023,27.9001
13/01/2023,27.69399
14/01/2023,28.355541
15/01/2023,27.648144
16/01/2023,27.453997
17/01/2023,26.554016
18/01/2023,26.495687
19/01/2023,27.04613
20/01/2023,27.19581
21/01/2023,27.18784
22/01/2023,27.364376
23/01/2023,27.63901
24/01/2023,27.232723
25/01/2023,26.759193
26/01/2023,26.72555
27/01/2023,26.631443
28/01/2023,26.123375
29/01/2023,26.98325
30/01/2023,27.836744
31/01/2023,27.406746
01/02/2023,27.06803
02/02/2023,26.164669
03/02/2023,27.176302
04/02/2023,26.900496
05/02/2023,27.623474
06/02/2023,27.157253
07/02/2023,26.92855
08/02/2023,26.962582
09/02/2023,26.798227
10/02/2023,27.129965
11/02/2023,26.453861
12/02/2023,26.822617
13/02/2023,26.818447
14/02/2023,26.721004
15/02/2023,26.297424
16/02/2023,26.37894
17/02/2023,26.758476
18/02/2023,26.85001
19/02/2023,27.251472
20/02/2023,27.09447
21/02/2023,27.083157
22/02/2023,26.850649
23/02/2023,27.029995
24/02/2023,27.329187
25/02/2023,27.553003
26/02/2023,26.661268
27/02/2023,26.22908
28/02/2023,26.884085
01/03/2023,26.376572
02/03/2023,25.707333
03/03/2023,27.288597
04/03/2023,26.894487
05/03/2023,27.094755
06/03/2023,27.362377
07/03/2023,27.56835
08/03/2023,27.060263
09/03/2023,27.595024
10/03/2023,28.07685
11/03/2023,28.198877
12/03/2023,27.67517
13/03/2023,27.198233
14/03/2023,26.917381
15/03/2023,27.990623
16/03/2023,28.62543
17/03/2023,27.83361
18/03/2023,28.036386
19/03/2023,28.319176
20/03/2023,27.462456
21/03/2023,27.981115
22/03/2023,28.078121
23/03/2023,28.492496
24/03/2023,27.77205
25/03/2023,27.5814
26/03/2023,27.260881
27/03/2023,27.373442
28/03/2023,27.469345
29/03/2023,28.011263
30/03/2023,27.25508
31/03/2023,26.749413
01/04/2023,26.843128
02/04/2023,27.047564
03/04/2023,27.197538
04/04/2023,27.547216
05/04/2023,27.316324
06/04/2023,27.384453
07/04/2023,27.634201
08/04/2023,27.168474
09/04/2023,27.7334
10/04/2023,27.428617
11/04/2023,28.210958
12/04/2023,27.85222
13/04/2023,27.42467
14/04/2023,27.850199
15/04/2023,27.7549
16/04/2023,27.645166
17/04/2023,27.548183
18/04/2023,28.328135
19/04/2023,28.872005
20/04/2023,28.272936
21/04/2023,28.065212
22/04/2023,28.743559
23/04/2023,29.121605
24/04/2023,29.026466
25/04/2023,28.730883
26/04/2023,28.33574
27/04/2023,28.3811
28/04/2023,27.316902
29/04/2023,27.150225
30/04/2023,28.103172
01/05/2023,27.979836
02/05/2023,27.957716
03/05/2023,28.373482
04/05/2023,28.751492
05/05/2023,28.957071
06/05/2023,28.631401
07/05/2023,29.001493
08/05/2023,29.190342
09/05/2023,28.226542
10/05/2023,28.007145
11/05/2023,27.818295
12/05/2023,28.938744
13/05/2023,28.242723
14/05/2023,27.845835
15/05/2023,27.683277
16/05/2023,27.872171
17/05/2023,27.898645
18/05/2023,28.149008
19/05/2023,28.216202
20/05/2023,28.343172
21/05/2023,28.2286
22/05/2023,28.119627
23/05/2023,27.974424
24/05/2023,28.17465
25/05/2023,28.39104
26/05/2023,28.415482
27/05/2023,28.14839
28/05/2023,27.859007
29/05/2023,28.1599
30/05/2023,27.884512
31/05/2023,28.100477
01/06/2023,28.327242
02/06/2023,28.411276
03/06/2023,28.574532
04/06/2023,28.18809
05/06/2023,28.211662
06/06/2023,28.230473
07/06/2023,28.270887
08/06/2023,28.230936
09/06/2023,28.100021
10/06/2023,28.187181
11/06/2023,28.498772
12/06/2023,28.483772
13/06/2023,28.19089
14/06/2023,27.983591
15/06/2023,27.758984
16/06/2023,27.833317
17/06/2023,27.931992
18/06/2023,28.044474
19/06/2023,27.990938
20/06/2023,28.109098
21/06/2023,28.27847
22/06/2023,28.227146
23/06/2023,27.753836
24/06/2023,27.771545
25/06/2023,27.67418
26/06/2023,27.685545
27/06/2023,27.904955
28/06/2023,28.157543
29/06/2023,28.282711
30/06/2023,28.414577
01/07/2023,27.859497
02/07/2023,27.454578
03/07/2023,27.66709
04/07/2023,27.696327
05/07/2023,28.051243
06/07/2023,27.92568
07/07/2023,26.842667
08/07/2023,27.125551
09/07/2023,28.102995
10/07/2023,27.948435
11/07/2023,27.6093
12/07/2023,27.54559
13/07/2023,27.969267
14/07/2023,27.747856
15/07/2023,27.55245
16/07/2023,27.292025
17/07/2023,27.239565
18/07/2023,27.358643
19/07/2023,27.160286
20/07/2023,27.00959
21/07/2023,27.113869
22/07/2023,27.467003
23/07/2023,27.368015
24/07/2023,27.659204
25/07/2023,27.466257
26/07/2023,27.18245
27/07/2023,27.031534
28/07/2023,27.00023
29/07/2023,26.972048
30/07/2023,27.017876
31/07/2023,27.437416
01/08/2023,27.679497
02/08/2023,27.764515
03/08/2023,27.711826
04/08/2023,27.585869
05/08/2023,27.70678
06/08/2023,27.762758
07/08/2023,27.5446
08/08/2023,27.303972
09/08/2023,27.07023
10/08/2023,26.775095
11/08/2023,26.796583
12/08/2023,26.728401
13/08/2023,27.48932
14/08/2023,27.408419
15/08/2023,27.562992
16/08/2023,27.315758
17/08/2023,27.07167
18/08/2023,27.273624
19/08/2023,27.53447
20/08/2023,27.754581
21/08/2023,27.520298
22/08/2023,27.327957
23/08/2023,27.180208
24/08/2023,27.66189
25/08/2023,27.794626
26/08/2023,27.588688
27/08/2023,27.532347
28/08/2023,27.521889
29/08/2023,27.581043
30/08/2023,27.482834
31/08/2023,27.622559
01/09/2023,27.23329
02/09/2023,27.172647
03/09/2023,26.870716
04/09/2023,26.973845
05/09/2023,27.484814
06/09/2023,27.697334
07/09/2023,27.574842
08/09/2023,27.472801
09/09/2023,27.410759
10/09/2023,27.850298
11/09/2023,28.11036
12/09/2023,28.308464
13/09/2023,28.164906
14/09/2023,27.74049
15/09/2023,28.010414
16/09/2023,27.904076
17/09/2023,28.11121
18/09/2023,27.86697
19/09/2023,27.91134
20/09/2023,27.953224
21/09/2023,27.85468
22/09/2023,27.722523
23/09/2023,27.996073
24/09/2023,28.167665
25/09/2023,28.21691
26/09/2023,28.208008
27/09/2023,28.080254
28/09/2023,28.36251
29/09/2023,28.361351
30/09/2023,28.132278
01/10/2023,28.08926
02/10/2023,28.3585
03/10/2023,28.36299
04/10/2023,28.46065
05/10/2023,28.579313
06/10/2023,29.258986
07/10/2023,29.02282
08/10/2023,29.101002
09/10/2023,28.837032
10/10/2023,28.706596
11/10/2023,28.84712
12/10/2023,29.000376
13/10/2023,28.96387
14/10/2023,29.290808
15/10/2023,29.540491
16/10/2023,29.323568
17/10/2023,29.156252
18/10/2023,29.128805
19/10/2023,29.30623
20/10/2023,29.281876
21/10/2023,29.290714
22/10/2023,29.090572
23/10/2023,29.256495
24/10/2023,29.141064
25/10/2023,29.240189
26/10/2023,29.501402
27/10/2023,29.384321
28/10/2023,29.641191
29/10/2023,29.728477
30/10/2023,29.595304
31/10/2023,29.65251
01/11/2023,29.56843
02/11/2023,29.846378
03/11/2023,29.028591
04/11/2023,28.606766
05/11/2023,29.237375
06/11/2023,29.348686
07/11/2023,29.6157
08/11/2023,29.667097
09/11/2023,28.970366
10/11/2023,29.163652
11/11/2023,29.249613
12/11/2023,29.263039
13/11/2023,29.488916
14/11/2023,29.394894
15/11/2023,29.246073
16/11/2023,28.897905
17/11/2023,28.693285
18/11/2023,29.118599
19/11/2023,29.467825
20/11/2023,29.767076
21/11/2023,30.122602
22/11/2023,30.451832
23/11/2023,29.454624
24/11/2023,28.17219
25/11/2023,28.092697
26/11/2023,28.205996
27/11/2023,27.64884
28/11/2023,27.147493
29/11/2023,28.339993
30/11/2023,28.404587
01/12/2023,27.078642
02/12/2023,28.154385
03/12/2023,28.055372
04/12/2023,28.015097
05/12/2023,28.383484
06/12/2023,28.57364
07/12/2023,28.16022
08/12/2023,28.050804
09/12/2023,28.058023
10/12/2023,27.724405
11/12/2023,29.033358
12/12/2023,29.193386
13/12/2023,28.234509
14/12/2023,28.204054
15/12/2023,28.441162
16/12/2023,29.045397
17/12/2023,28.92844
18/12/2023,28.917202
19/12/2023,29.059397
20/12/2023,29.150497
21/12/2023,29.055588
22/12/2023,28.934595
23/12/2023,29.398424
24/12/2023,29.262796
25/12/2023,27.529812
26/12/2023,28.456877
27/12/2023,28.506567
28/12/2023,28.758629
29/12/2023,28.711473
30/12/2023,28.666605
31/12/2023,28.767971
01/01/2024,28.421427
02/01/2024,28.568567
03/01/2024,27.59939
04/01/2024,28.028297
05/01/2024,27.936975
06/01/2024,27.773838
07/01/2024,27.474617
08/01/2024,27.65491
09/01/2024,27.829552
10/01/2024,28.45066
11/01/2024,28.287207
12/01/2024,29.210878
13/01/2024,29.388298
14/01/2024,29.358498
15/01/2024,27.898556
16/01/2024,28.24149
17/01/2024,27.143274
18/01/2024,27.638306
19/01/2024,27.145613
20/01/2024,28.679853
21/01/2024,28.595837
22/01/2024,27.984045
23/01/2024,28.394028
24/01/2024,27.574556
25/01/2024,27.801758
26/01/2024,27.676863
27/01/2024,28.063877
28/01/2024,27.817074
29/01/2024,27.397652
30/01/2024,27.117603
31/01/2024,27.564186
01/02/2024,27.711842
02/02/2024,27.728271
03/02/2024,27.393274
04/02/2024,27.520912
05/02/2024,27.577726
06/02/2024,27.41753
07/02/2024,27.371521
08/02/2024,28.040817
09/02/2024,28.12251
10/02/2024,26.720327
11/02/2024,27.089281
12/02/2024,27.870481
13/02/2024,28.425962
14/02/2024,28.117165
15/02/2024,28.84144
16/02/2024,28.553513
17/02/2024,27.766916
18/02/2024,28.148827
19/02/2024,28.923008
20/02/2024,29.219307
21/02/2024,28.395205
22/02/2024,28.763102
23/02/2024,27.928947
24/02/2024,27.718126
25/02/2024,27.508821
26/02/2024,27.730053
27/02/2024,28.177761
28/02/2024,28.067976
29/02/2024,28.711275
01/03/2024,28.042168
02/03/2024,28.384232
03/03/2024,28.302202
04/03/2024,28.2998
05/03/2024,28.176287
06/03/2024,28.851551
07/03/2024,28.43306
08/03/2024,28.148096
09/03/2024,26.779772
10/03/2024,27.602358
11/03/2024,27.47665
12/03/2024,27.680529
13/03/2024,27.021423
14/03/2024,27.063002
15/03/2024,27.402477
16/03/2024,27.845312
17/03/2024,27.596725
18/03/2024,28.029757
19/03/2024,28.605913
20/03/2024,28.552757
21/03/2024,28.388113
22/03/2024,28.792372
23/03/2024,29.000895
24/03/2024,28.693926
25/03/2024,28.6941
26/03/2024,28.948318
27/03/2024,29.239384
28/03/2024,27.80372
29/03/2024,28.762194
30/03/2024,29.429508
31/03/2024,29.165937
01/04/2024,27.913383
02/04/2024,28.66884
03/04/2024,29.125343
04/04/2024,28.944397
05/04/2024,28.22163
06/04/2024,29.134172
07/04/2024,28.596874
08/04/2024,28.426756
09/04/2024,27.736172
10/04/2024,28.215857
11/04/2024,27.846216
12/04/2024,28.453804
13/04/2024,28.689756
14/04/2024,28.877975
15/04/2024,28.905788
16/04/2024,29.3121
17/04/2024,28.292336
18/04/2024,28.346235
19/04/2024,29.236609
20/04/2024,29.60015
21/04/2024,27.888529
22/04/2024,28.732386
23/04/2024,28.010935
24/04/2024,27.897593
25/04/2024,27.64334
26/04/2024,28.969051
27/04/2024,29.41375
28/04/2024,29.660042
29/04/2024,29.551981
30/04/2024,29.669914
01/05/2024,29.588972
02/05/2024,29.43517
03/05/2024,29.388498
04/05/2024,28.881142
05/05/2024,28.718454
06/05/2024,28.94756
07/05/2024,29.06953
08/05/2024,28.951246
09/05/2024,28.998928
10/05/2024,29.506271
11/05/2024,29.593971
12/05/2024,29.467272
13/05/2024,29.136341
14/05/2024,29.224844
15/05/2024,29.01528
16/05/2024,29.176565
17/05/2024,29.351149
18/05/2024,29.169706
19/05/2024,28.914026
20/05/2024,28.84395
21/05/2024,28.91952
22/05/2024,29.018959
23/05/2024,29.12271
24/05/2024,29.030806
25/05/2024,29.029392
26/05/2024,29.36191
27/05/2024,29.397005
28/05/2024,29.34063
29/05/2024,29.103605
30/05/2024,29.100924
31/05/2024,29.38087
01/06/2024,29.37832
02/06/2024,28.604872
03/06/2024,28.191532
04/06/2024,28.551376
05/06/2024,28.949715
06/06/2024,28.765532
07/06/2024,28.631786
08/06/2024,28.400753
09/06/2024,28.441664
10/06/2024,28.649559
11/06/2024,28.055729
12/06/2024,27.826927
13/06/2024,27.734512
14/06/2024,27.932579
15/06/2024,27.592258
16/06/2024,28.18497
17/06/2024,28.69852
18/06/2024,28.104977
19/06/2024,27.445044
20/06/2024,27.445023
21/06/2024,27.506065
22/06/2024,27.903069
23/06/2024,27.851477
24/06/2024,27.560574
25/06/2024,28.22513
26/06/2024,28.392448
27/06/2024,28.287422
28/06/2024,28.216724
29/06/2024,28.562351
30/06/2024,28.334188
01/07/2024,28.167309
02/07/2024,27.55598
03/07/2024,27.785917
04/07/2024,27.511007
05/07/2024,28.11323
06/07/2024,27.647568
07/07/2024,27.862827
08/07/2024,27.805437
09/07/2024,27.895838
10/07/2024,27.959389
11/07/2024,27.666977
12/07/2024,27.387281
13/07/2024,26.91339
14/07/2024,26.752542
15/07/2024,26.913977
16/07/2024,27.005074
17/07/2024,27.171806
18/07/2024,27.31138
19/07/2024,27.390726
20/07/2024,27.323446
21/07/2024,27.24204
22/07/2024,27.377808
23/07/2024,27.434324
24/07/2024,27.405416
25/07/2024,27.464993
26/07/2024,27.836216
27/07/2024,27.744167
28/07/2024,27.772926
29/07/2024,27.779507
30/07/2024,27.978615
31/07/2024,28.130505
01/08/2024,28.146278
02/08/2024,28.043343
03/08/2024,28.036625
04/08/2024,27.945774
05/08/2024,27.696146
06/08/2024,27.562443
07/08/2024,28.015121
08/08/2024,28.248657
09/08/2024,27.99415
10/08/2024,27.818672
11/08/2024,27.24618
12/08/2024,27.115763
13/08/2024,27.60651
14/08/2024,27.570667
15/08/2024,27.195803
16/08/2024,27.238258
17/08/2024,27.496365
18/08/2024,27.41645
19/08/2024,27.279716
20/08/2024,27.508152
21/08/2024,27.614193
22/08/2024,27.662458
23/08/2024,28.053902
24/08/2024,28.075512
25/08/2024,28.182533
26/08/2024,28.156496
27/08/2024,28.301502
28/08/2024,27.847982
29/08/2024,27.979805
30/08/2024,27.990095
31/08/2024,28.072962
01/09/2024,28.165958
02/09/2024,28.243334
03/09/2024,28.360636
04/09/2024,28.646297
05/09/2024,28.648094
06/09/2024,28.59412
07/09/2024,28.746973
08/09/2024,28.65433
09/09/2024,28.974977
10/09/2024,28.193909
11/09/2024,28.47306
12/09/2024,28.582796
13/09/2024,28.484932
14/09/2024,28.577063
15/09/2024,28.307959
16/09/2024,28.22698
17/09/2024,28.260864
18/09/2024,28.154968
19/09/2024,28.174269
20/09/2024,28.448679
21/09/2024,28.71204
22/09/2024,28.849508
23/09/2024,28.482153
24/09/2024,28.397228
25/09/2024,28.245462
26/09/2024,28.235985
27/09/2024,28.997364
28/09/2024,29.50543
29/09/2024,29.442518
30/09/2024,29.41292
01/10/2024,29.423903
02/10/2024,29.050112
03/10/2024,29.025469
04/10/2024,29.083029
05/10/2024,29.322533
06/10/2024,29.187374
07/10/2024,29.332382
08/10/2024,29.18654
09/10/2024,29.429655
10/10/2024,29.536196
11/10/2024,29.76597
12/10/2024,29.800932
13/10/2024,29.368357
14/10/2024,29.091637
15/10/2024,28.719675
16/10/2024,28.986076
17/10/2024,29.071371
18/10/2024,29.029001
19/10/2024,28.636488
20/10/2024,27.695112
21/10/2024,28.26873
22/10/2024,29.007193
23/10/2024,28.92637
24/10/2024,28.457434
25/10/2024,29.329836
26/10/2024,29.456703
27/10/2024,29.455065
28/10/2024,29.5635
29/10/2024,29.774511
30/10/2024,29.657974
31/10/2024,28.65286
01/11/2024,27.502956
02/11/2024,27.916983
03/11/2024,27.315706
04/11/2024,28.110594
05/11/2024,29.16551
06/11/2024,29.43556
07/11/2024,29.413736
08/11/2024,28.6373
09/11/2024,28.82032
10/11/2024,28.198244
11/11/2024,28.231812
12/11/2024,28.541431
13/11/2024,29.26801
14/11/2024,29.705854
15/11/2024,29.185295
16/11/2024,28.326859
17/11/2024,28.520666
18/11/2024,28.071476
19/11/2024,27.984913
20/11/2024,28.238333
21/11/2024,28.402683
22/11/2024,28.355911
23/11/2024,28.572502
24/11/2024,28.278158
25/11/2024,28.866465
26/11/2024,28.386026
27/11/2024,28.343538
28/11/2024,28.307796
29/11/2024,28.154966
30/11/2024,28.23499
01/12/2024,27.812033
02/12/2024,26.856075
03/12/2024,28.399008
04/12/2024,28.552279
05/12/2024,27.766623
06/12/2024,26.889717
07/12/2024,27.919119
08/12/2024,28.297972
09/12/2024,27.866652
10/12/2024,27.96534
11/12/2024,27.74614
12/12/2024,27.191614
13/12/2024,27.68651
14/12/2024,26.744528
15/12/2024,27.479738
16/12/2024,27.525948
17/12/2024,27.72913
18/12/2024,28.088259
19/12/2024,28.868225
20/12/2024,28.715271
21/12/2024,28.12993
22/12/2024,27.5345
23/12/2024,27.887108
24/12/2024,27.384947
25/12/2024,27.348476
26/12/2024,28.270447
27/12/2024,28.869865
28/12/2024,27.645287
29/12/2024,27.766407
30/12/2024,27.536943
31/12/2024,27.78452
01/01/2025,26.730635
02/01/2025,26.650894
03/01/2025,28.284378
04/01/2025,27.51207
05/01/2025,26.948988
06/01/2025,26.835995
07/01/2025,27.504858
08/01/2025,27.805506
09/01/2025,28.377787
10/01/2025,28.081291
11/01/2025,27.410776
12/01/2025,27.297146
13/01/2025,27.803446
14/01/2025,27.121998
15/01/2025,27.748098
16/01/2025,27.629433
17/01/2025,27.567814
18/01/2025,27.644392
19/01/2025,27.93103
20/01/2025,26.994518
21/01/2025,27.072792
22/01/2025,27.205688
23/01/2025,27.027067
24/01/2025,27.784592
25/01/2025,27.753
26/01/2025,27.380533
27/01/2025,26.517347
28/01/2025,27.136496
29/01/2025,26.396963
30/01/2025,26.128794
31/01/2025,27.482779
01/02/2025,27.289745
